{
  "project_info": {
    "project_number": "1032913722364",
    "firebase_url": "https://uber-clone-5ca76-default-rtdb.firebaseio.com",
    "project_id": "uber-clone-5ca76",
    "storage_bucket": "uber-clone-5ca76.appspot.com"
  },
  "client": [
    {
      "client_info": {
        "mobilesdk_app_id": "1:1032913722364:android:5b65b3fcaf763ede413079",
        "android_client_info": {
          "package_name": "com.example.driver_app"
        }
      },
      "oauth_client": [
        {
          "client_id": "1032913722364-rncepcmlgnf3kpoolui52qqmp9481nap.apps.googleusercontent.com",
          "client_type": 3
        }
      ],
      "api_key": [
        {
          "current_key": "AIzaSyCswk0LQGUD2jAddlZGhiHbLj5x2jsJA-0"
        }
      ],
      "services": {
        "appinvite_service": {
          "other_platform_oauth_client": [
            {
              "client_id": "1032913722364-rncepcmlgnf3kpoolui52qqmp9481nap.apps.googleusercontent.com",
              "client_type": 3
            }
          ]
        }
      }
    }
  ],
  "configuration_version": "1"
}